timestamp,action,source,category,detail
2026-05-25T11:41:31,start,ipad_notability,讀書,
2026-05-25T12:12:43,end,ipad_notability,讀書,
2026-05-25T13:44:52,start,ipad_notability,讀書,
2026-05-25T15:55:00,end,ipad_notability,讀書,
2026-05-25T16:55:00,start,manual_add,實驗室,
2026-05-25T17:18:00,end,manual_add,實驗室,
2026-05-25T17:18:03,start,mac_tracker,實驗室,
2026-05-25T18:24:00,start,manual_add,通勤,
2026-05-25T18:24:50,end,mac_tracker,實驗室,
2026-05-25T19:00:00,end,manual_add,通勤,
2026-05-25T19:00:00,start,manual_add,家教,
2026-05-25T21:15:00,end,manual_add,家教,
2026-05-25T21:15:00,start,manual_add,通勤,
2026-05-25T21:47:00,end,manual_add,通勤,
2026-05-25T21:47:00,start,manual_add,用餐,
2026-05-25T22:40:00,end,manual_add,用餐,
2026-05-25T22:40:00,start,manual_add,實驗室,
2026-05-25T23:54:00,end,manual_add,實驗室,
2026-05-26T12:30:00,start,manual_add,實驗室,
2026-05-26T13:00:00,end,manual_add,實驗室,
2026-05-26T13:00:00,start,manual_add,用餐,
2026-05-26T13:30:00,end,manual_add,用餐,
2026-05-26T13:30:00,start,manual_add,實驗室,
2026-05-26T14:35:00,end,manual_add,實驗室,
2026-05-26T14:35:19,start,ipad_notability,讀書,
2026-05-26T16:14:40,end,ipad_notability,讀書,
2026-05-26T16:52:51,start,ipad_notability,讀書,
2026-05-26T17:21:44,end,ipad_notability,讀書,
2026-05-26T17:45:00,start,manual_add,通勤,
2026-05-26T18:30:00,end,manual_add,通勤,
2026-05-26T18:30:00,start,manual_add,家教,
2026-05-26T20:45:00,end,manual_add,家教,
2026-05-26T20:45:00,start,manual_add,通勤,
2026-05-26T21:20:00,end,manual_add,通勤,
2026-05-26T21:20:00,start,manual_add,用餐,
2026-05-26T22:40:00,end,manual_add,用餐,
2026-05-26T23:46:24,start,ipad_notability,讀書,
2026-05-26T23:54:37,end,ipad_notability,讀書,
2026-05-27T09:05:22,start,ipad_notability,讀書,
2026-05-27T10:01:52,end,ipad_notability,讀書,
2026-05-27T12:02:57,start,ipad_notability,讀書,
2026-05-27T13:01:52,end,ipad_notability,讀書,
2026-05-27T13:45:00,start,manual_add,用餐,
2026-05-27T14:21:00,end,manual_add,用餐,
2026-05-27T14:21:52,start,mac_tracker,實驗室,
2026-05-27T16:55:00,start,manual_add,娛樂,
2026-05-27T16:55:53,end,mac_tracker,實驗室,
2026-05-27T18:15:00,end,manual_add,娛樂,
2026-05-27T18:15:00,start,manual_add,通勤,
2026-05-27T19:00:00,end,manual_add,通勤,
2026-05-27T19:00:00,start,manual_add,家教,
2026-05-27T21:30:00,end,manual_add,家教,
2026-05-27T21:30:00,start,manual_add,通勤,
2026-05-27T22:00:00,end,manual_add,通勤,
2026-05-27T22:00:00,start,manual_add,實驗室,
2026-05-27T22:50:00,end,manual_add,實驗室,
2026-05-27T22:50:00,start,manual_add,用餐,
2026-05-27T23:30:00,end,manual_add,用餐,
2026-05-28T12:00:00,start,manual_add,通勤,
2026-05-28T12:30:00,end,manual_add,通勤,
2026-05-28T12:30:00,start,manual_add,用餐,
2026-05-28T13:30:00,end,manual_add,用餐,
2026-05-28T13:30:00,start,manual_add,通勤,
2026-05-28T14:00:00,end,manual_add,通勤,
2026-05-28T14:00:00,start,manual_add,家教,
2026-05-28T14:34:00,end,manual_add,家教,
2026-05-28T14:34:00,start,manual_add,實驗室,
2026-05-28T15:45:00,end,manual_add,實驗室,
2026-05-28T15:45:00,start,manual_add,通勤,
2026-05-28T16:30:00,end,manual_add,通勤,
2026-05-28T16:30:00,start,manual_add,家教,
2026-05-28T18:35:00,end,manual_add,家教,
2026-05-28T19:00:00,start,manual_add,家教,
2026-05-28T20:00:00,end,manual_add,家教,
2026-05-28T20:00:00,start,manual_add,通勤,
2026-05-28T21:00:00,end,manual_add,通勤,
2026-05-28T21:00:00,start,manual_add,女友,宇雯慶生
2026-05-28T22:30:00,end,manual_add,女友,宇雯慶生
2026-06-01T17:06:00,start,ipad_notability,讀書,
2026-06-01T17:15:05,start,ipad_notability,study,
2026-06-01T17:30:55,end,ipad_notability,讀書,
2026-06-02T13:30:00,start,manual_add,實驗室,
2026-06-02T15:13:00,end,manual_add,實驗室,
2026-06-02T15:13:38,start,ipad_notability,讀書,
2026-06-02T15:51:21,end,ipad_notability,讀書,
2026-06-02T16:50:44,start,ipad_notability,讀書,
2026-06-02T17:03:43,start,ipad_notability,讀書,
2026-06-02T17:16:01,end,ipad_notability,讀書,
2026-06-03T15:35:00,start,manual_add,實驗室,
2026-06-03T17:00:00,end,manual_add,實驗室,
2026-06-03T17:00:00,start,manual_add,生活,time control project
2026-06-03T18:30:00,end,manual_add,生活,time control project
2026-06-03T18:30:00,start,manual_add,通勤,
2026-06-03T19:00:00,end,manual_add,通勤,
2026-06-03T19:00:00,start,manual_add,家教,
2026-06-03T21:20:00,end,manual_add,家教,
2026-06-03T21:20:00,start,manual_add,通勤,
2026-06-03T22:00:00,end,manual_add,通勤,
2026-06-03T22:00:00,start,manual_add,實驗室,
2026-06-03T23:20:00,end,manual_add,實驗室,
2026-06-04T14:09:33,start,ipad_notability,讀書,
2026-06-04T16:21:28,end,ipad_notability,讀書,
2026-06-04T16:30:00,start,gcal,家教,
2026-06-04T18:30:00,end,gcal,家教,
2026-06-04T19:00:00,start,gcal,家教,
2026-06-04T20:00:00,end,gcal,家教,
2026-06-04T20:30:00,start,gcal,家教,
2026-06-04T21:30:00,end,gcal,家教,
2026-06-04T21:30:00,start,manual_add,通勤,
2026-06-04T22:20:00,end,manual_add,通勤,
2026-06-04T22:20:00,start,manual_add,用餐,
2026-06-04T23:30:00,end,manual_add,用餐,
2026-06-04T23:30:00,start,manual_add,女友,
2026-06-05T01:30:00,end,manual_add,女友,
2026-06-05T13:05:19,start,ipad_notability,讀書,
2026-06-05T15:23:55,end,ipad_notability,讀書,
2026-06-05T16:14:42,end,ipad_notability,讀書,
2026-06-05T16:20:00,start,manual_add,女友,
2026-06-05T19:00:00,end,manual_add,女友,
2026-06-05T19:00:00,start,manual_add,運動,打球
2026-06-05T22:00:00,end,manual_add,運動,打球
2026-06-05T22:00:00,start,manual_add,女友,還有跟打球的一起吃宵夜
2026-06-06T02:00:00,end,manual_add,女友,還有跟打球的一起吃宵夜
2026-06-06T11:50:00,start,manual_add,家教,
2026-06-06T12:30:00,end,manual_add,家教,
2026-06-06T12:30:00,start,manual_add,實驗室,
2026-06-06T13:30:00,end,manual_add,實驗室,
2026-06-06T13:30:00,start,manual_add,家事,
2026-06-06T15:20:00,end,manual_add,家事,
2026-06-06T15:20:00,start,manual_add,通勤,
2026-06-06T16:00:00,end,manual_add,通勤,
2026-06-06T16:00:00,start,gcal,家教,
2026-06-06T18:00:00,end,gcal,家教,
2026-06-06T18:00:00,start,manual_add,家教,
2026-06-06T18:30:00,end,manual_add,家教,
2026-06-06T18:30:00,start,manual_add,用餐,
2026-06-06T19:00:00,end,manual_add,用餐,
2026-06-06T19:00:00,start,manual_add,實驗室,
2026-06-06T19:51:00,end,manual_add,實驗室,
2026-06-06T20:53:13,start,ipad_notability,讀書,
2026-06-06T21:10:00,end,ipad_notability,讀書,
2026-06-06T21:10:00,start,manual_add,睡眠,
2026-06-06T22:10:00,end,manual_add,睡眠,
2026-06-06T23:38:33,start,ipad_notability,讀書,
2026-06-07T00:23:33,end,ipad_notability,讀書,
2026-06-07T09:00:00,start,gcal,家教,
2026-06-07T11:20:00,end,gcal,家教,
2026-06-07T11:20:00,start,manual_add,通勤,
2026-06-07T12:20:00,end,manual_add,通勤,
2026-06-07T12:20:00,start,manual_add,用餐,
2026-06-07T13:00:00,end,manual_add,用餐,
2026-06-07T13:00:00,start,manual_add,實驗室,
2026-06-07T14:45:00,end,manual_add,實驗室,
2026-06-07T15:53:23,end,ipad_notability,讀書,
2026-06-07T16:45:26,start,ipad_notability,讀書,
2026-06-07T17:13:27,end,ipad_notability,讀書,
2026-06-07T17:30:00,start,manual_add,家教,
2026-06-07T18:50:00,end,manual_add,家教,
2026-06-07T19:00:00,start,gcal,家教,
2026-06-07T20:00:00,end,gcal,家教,
2026-06-07T20:00:00,start,manual_add,家教,
2026-06-07T20:40:00,end,manual_add,家教,
2026-06-07T20:40:00,start,manual_add,通勤,
2026-06-07T21:30:00,end,manual_add,通勤,
2026-06-07T21:30:00,start,manual_add,用餐,
2026-06-07T22:30:00,end,manual_add,用餐,
2026-06-07T22:30:00,start,manual_add,家事,
2026-06-07T23:00:00,end,manual_add,家事,
2026-06-07T23:00:00,start,manual_add,實驗室,
2026-06-07T23:30:00,end,manual_add,實驗室,
2026-06-07T23:30:00,start,manual_add,女友,
2026-06-08T00:30:00,end,manual_add,女友,
2026-06-08T10:30:00,start,manual_add,用餐,
2026-06-08T10:50:00,end,manual_add,用餐,
2026-06-08T10:50:00,start,manual_add,實驗室,
2026-06-08T12:00:00,end,manual_add,實驗室,
2026-06-08T13:00:00,start,manual_add,睡眠,
2026-06-08T15:35:00,end,manual_add,睡眠,
2026-06-08T17:59:32,start,iphone_shortcut,通勤,
2026-06-08T19:43:00,start,manual_add,運動,練球
2026-06-08T19:43:35,end,iphone_shortcut,通勤,
2026-06-08T22:35:00,end,manual_add,運動,練球
2026-06-08T22:35:00,start,manual_add,女友,吃飯＋約會
2026-06-09T01:30:00,end,manual_add,女友,吃飯＋約會
2026-06-09T11:00:00,start,manual_add,通勤,
2026-06-09T11:30:00,end,manual_add,通勤,
2026-06-09T11:30:00,start,manual_add,用餐,
2026-06-09T12:20:00,end,manual_add,用餐,
2026-06-09T12:20:00,start,manual_add,休息,看醫生
2026-06-09T13:20:00,end,manual_add,休息,看醫生
2026-06-09T13:20:00,start,manual_add,實驗室,
2026-06-09T16:10:00,end,manual_add,實驗室,
2026-06-09T18:30:00,start,gcal,家教,
2026-06-09T20:30:00,end,gcal,家教,
2026-06-09T20:30:00,start,manual_add,家教,
2026-06-09T21:00:00,end,manual_add,家教,
2026-06-09T21:00:00,start,manual_add,通勤,
2026-06-09T22:00:00,end,manual_add,通勤,
2026-06-09T22:00:00,start,manual_add,家事,
2026-06-09T23:59:00,end,manual_add,家事,
2026-06-10T00:00:00,start,manual_add,家事,
2026-06-10T02:00:00,end,manual_add,家事,
2026-06-10T02:00:00,start,manual_add,實驗室,
2026-06-10T05:00:00,end,manual_add,實驗室,
2026-06-10T10:00:00,start,manual_add,實驗室,
2026-06-10T11:30:00,end,manual_add,實驗室,
2026-06-10T11:30:00,start,manual_add,家事,
2026-06-10T12:00:00,end,manual_add,家事,
2026-06-10T12:00:00,start,manual_add,睡眠,
2026-06-10T13:30:00,end,manual_add,睡眠,
2026-06-10T14:00:00,start,manual_add,通勤,
2026-06-10T14:30:00,end,manual_add,通勤,
2026-06-10T14:30:00,start,manual_add,生活,看醫生（復健科）
2026-06-10T16:30:00,end,manual_add,生活,看醫生（復健科）
2026-06-10T16:30:00,start,manual_add,實驗室,
2026-06-10T18:00:00,end,manual_add,實驗室,
2026-06-10T18:00:00,start,manual_add,通勤,
2026-06-10T19:00:00,end,manual_add,通勤,
2026-06-10T19:00:00,start,gcal,家教,
2026-06-10T21:00:00,end,gcal,家教,
2026-06-10T21:00:00,start,manual_add,家教,
2026-06-10T22:30:00,end,manual_add,家教,
2026-06-10T22:30:00,start,manual_add,女友,
2026-06-11T02:00:00,end,manual_add,女友,
2026-06-11T13:00:00,start,manual_add,家事,
2026-06-11T14:00:00,end,manual_add,家事,
2026-06-11T16:00:00,start,manual_add,通勤,
2026-06-11T16:30:00,end,manual_add,通勤,
2026-06-11T16:30:00,start,gcal,家教,
2026-06-11T18:30:00,end,gcal,家教,
2026-06-11T18:30:00,start,manual_add,用餐,
2026-06-11T19:00:00,end,manual_add,用餐,
2026-06-11T19:00:00,start,gcal,家教,
2026-06-11T20:00:00,end,gcal,家教,
2026-06-11T20:00:00,start,manual_add,通勤,
2026-06-11T20:45:00,end,manual_add,通勤,
2026-06-12T12:22:39,start,ipad_notability,讀書,
2026-06-12T13:13:39,end,ipad_notability,讀書,
2026-06-12T13:40:53,start,ipad_notability,讀書,
2026-06-12T14:52:00,end,ipad_notability,讀書,
2026-06-12T14:52:00,start,manual_add,實驗室,
2026-06-12T15:30:00,end,manual_add,實驗室,
2026-06-12T16:40:00,start,manual_add,通勤,
2026-06-12T18:10:00,end,manual_add,通勤,
2026-06-12T18:10:00,start,manual_add,家教,
2026-06-12T21:20:00,end,manual_add,家教,
2026-06-14T08:20:00,start,manual_add,通勤,
2026-06-14T09:00:00,end,manual_add,通勤,
2026-06-14T09:00:00,start,manual_add,家教,
2026-06-14T11:10:00,end,manual_add,家教,
2026-06-14T11:10:00,start,manual_add,通勤,
2026-06-14T12:00:00,end,manual_add,通勤,
2026-06-14T12:00:00,start,manual_add,睡眠,
2026-06-14T14:00:00,end,manual_add,睡眠,
2026-06-14T14:00:00,start,manual_add,女友,
2026-06-14T16:20:00,end,manual_add,女友,
2026-06-14T16:20:00,start,manual_add,通勤,
2026-06-14T17:00:00,end,manual_add,通勤,
2026-06-14T17:00:00,start,manual_add,家教,
2026-06-14T18:35:00,end,manual_add,家教,
2026-06-14T18:45:00,start,manual_add,家教,
2026-06-14T20:50:00,end,manual_add,家教,
2026-06-14T20:50:00,start,manual_add,通勤,
2026-06-14T21:40:00,end,manual_add,通勤,
2026-06-14T21:40:00,start,manual_add,用餐,
2026-06-14T22:30:00,end,manual_add,用餐,
2026-06-14T22:30:00,start,manual_add,女友,
2026-06-15T02:00:00,end,manual_add,女友,
2026-06-15T15:43:05,start,ipad_notability,讀書,
2026-06-15T17:48:35,end,ipad_notability,讀書,
2026-06-15T18:00:00,start,manual_add,通勤,
2026-06-15T19:00:00,end,manual_add,通勤,
2026-06-15T19:00:00,start,manual_add,家教,
2026-06-15T21:30:00,end,manual_add,家教,
2026-06-16T13:49:25,start,ipad_notability,讀書,
2026-06-16T15:43:47,end,ipad_notability,讀書,
2026-06-16T16:05:03,start,ipad_notability,讀書,
2026-06-16T16:30:00,start,manual_add,睡眠,
2026-06-16T16:30:47,end,ipad_notability,讀書,
2026-06-16T17:30:00,end,manual_add,睡眠,
2026-06-16T18:00:00,start,manual_add,通勤,
2026-06-16T18:30:00,end,manual_add,通勤,
2026-06-16T18:30:00,start,gcal,家教,
2026-06-16T20:30:00,end,gcal,家教,
2026-06-17T11:00:00,start,gcal,休息,點心語
2026-06-17T12:00:00,end,gcal,休息,點心語
2026-06-17T14:00:00,start,gcal,實驗室,實驗室agent
2026-06-17T17:00:00,end,gcal,實驗室,實驗室agent
2026-06-17T19:00:00,start,gcal,家教,
2026-06-17T21:00:00,end,gcal,家教,
2026-06-18T12:05:27,start,ipad_notability,讀書,
2026-06-18T12:24:57,end,ipad_notability,讀書,
2026-06-18T12:31:06,start,ipad_notability,讀書,
2026-06-18T14:15:34,end,ipad_notability,讀書,
2026-06-18T16:30:00,start,manual_add,家教,
2026-06-18T20:30:00,end,manual_add,家教,
2026-06-19T15:30:00,start,manual_add,實驗室,
2026-06-19T16:14:00,end,manual_add,實驗室,
2026-06-19T16:15:03,start,ipad_notability,讀書,
2026-06-19T17:03:19,end,ipad_notability,讀書,
2026-06-19T22:01:56,start,ipad_notability,讀書,
2026-06-19T23:29:57,end,ipad_notability,讀書,
2026-06-20T11:54:11,start,ipad_notability,讀書,
2026-06-20T12:25:53,end,ipad_notability,讀書,
2026-06-21T08:30:00,start,manual_add,通勤,
2026-06-21T09:00:00,end,manual_add,通勤,
2026-06-21T09:00:00,start,manual_add,家教,
2026-06-21T14:00:00,end,manual_add,家教,
2026-06-21T14:00:00,start,manual_add,運動,
2026-06-21T15:00:00,end,manual_add,運動,
2026-06-21T15:12:44,start,ipad_notability,讀書,
2026-06-21T15:53:00,end,ipad_notability,讀書,
2026-06-21T16:00:00,start,manual_add,家教,
2026-06-21T18:00:00,end,manual_add,家教,
2026-06-21T18:00:00,start,manual_add,用餐,
2026-06-21T19:00:00,end,manual_add,用餐,
2026-06-21T19:00:00,start,manual_add,家教,
2026-06-21T21:00:00,end,manual_add,家教,
2026-06-22T12:30:00,start,manual_add,通勤,
2026-06-22T13:30:00,end,manual_add,通勤,
2026-06-22T13:30:00,start,manual_add,生活,看醫生
2026-06-22T15:30:00,end,manual_add,生活,看醫生
2026-06-22T15:30:00,start,manual_add,通勤,
2026-06-22T16:30:00,end,manual_add,通勤,
2026-06-22T16:30:00,start,manual_add,用餐,
2026-06-22T17:13:00,end,manual_add,用餐,
2026-06-22T17:13:32,start,ipad_notability,讀書,
2026-06-22T18:29:00,start,manual_add,通勤,
2026-06-22T18:29:20,end,ipad_notability,讀書,
2026-06-22T19:30:00,end,manual_add,通勤,
2026-06-22T19:30:00,start,manual_add,運動,
2026-06-22T23:00:00,end,manual_add,運動,
2026-06-23T10:30:00,start,gcal,生活,點心語 看醫生
2026-06-23T11:30:00,end,gcal,生活,點心語 看醫生
2026-06-23T12:30:00,start,gcal,生活,春暘 看醫生
2026-06-23T13:30:00,end,gcal,生活,春暘 看醫生
2026-06-23T13:52:24,start,ipad_notability,讀書,
2026-06-23T15:51:22,end,ipad_notability,讀書,
2026-06-23T16:20:00,start,manual_add,生活,研究Claude code
2026-06-23T18:28:00,end,manual_add,生活,研究Claude code
2026-06-23T19:30:41,start,ipad_notability,讀書,
2026-06-23T20:34:00,start,manual_add,通勤,
2026-06-23T20:34:13,end,ipad_notability,讀書,
2026-06-23T21:00:00,end,manual_add,通勤,
2026-06-23T21:00:00,start,manual_add,生活,顧貓、家事
2026-06-23T22:30:00,end,manual_add,生活,顧貓、家事
2026-06-23T22:30:00,start,manual_add,休息,
2026-06-23T23:15:00,end,manual_add,休息,
2026-06-24T11:10:00,start,manual_add,實驗室,
2026-06-24T11:25:00,end,manual_add,實驗室,
2026-06-24T12:30:00,start,manual_add,休閒,做指甲
2026-06-24T14:30:00,end,manual_add,休閒,做指甲
2026-06-24T14:45:00,start,manual_add,實驗室,
2026-06-24T16:00:00,end,manual_add,實驗室,
2026-06-24T16:51:00,start,ipad_notability,讀書,
2026-06-24T17:25:00,start,manual_add,通勤,
2026-06-24T17:25:19,end,ipad_notability,讀書,
2026-06-24T18:50:00,end,manual_add,通勤,
2026-06-24T18:50:00,start,manual_add,運動,排球
2026-06-24T22:00:00,end,manual_add,運動,排球
2026-06-25T00:40:00,start,manual_add,實驗室,
2026-06-25T02:00:00,end,manual_add,實驗室,
2026-06-25T10:30:00,start,manual_add,實驗室,
2026-06-25T12:30:00,end,manual_add,實驗室,
2026-06-25T13:00:00,start,manual_add,睡眠,
2026-06-25T15:30:00,end,manual_add,睡眠,
2026-06-25T16:30:00,start,gcal,家教,
2026-06-25T18:30:00,end,gcal,家教,
2026-06-25T19:00:00,start,manual_add,休閒,朋友紫晴
2026-06-25T21:00:00,end,manual_add,休閒,朋友紫晴
2026-06-25T21:30:00,start,manual_add,實驗室,
2026-06-25T22:20:00,end,manual_add,實驗室,
2026-06-25T22:40:00,start,manual_add,睡眠,
2026-06-26T00:40:00,end,manual_add,睡眠,
2026-06-26T12:00:00,start,manual_add,運動,
2026-06-26T15:40:00,end,manual_add,運動,
2026-06-26T15:40:00,start,manual_add,女友,
2026-06-26T18:30:00,end,manual_add,女友,
2026-06-26T19:00:00,start,manual_add,家教,
2026-06-26T21:15:00,end,manual_add,家教,
2026-06-26T22:30:00,start,manual_add,實驗室,
2026-06-27T00:00:00,end,manual_add,實驗室,
2026-06-27T11:40:00,start,manual_add,實驗室,
2026-06-27T12:01:00,end,manual_add,實驗室,
2026-06-27T12:09:13,start,ipad_notability,讀書,
2026-06-27T12:19:12,end,ipad_notability,讀書,
2026-06-27T13:27:47,start,ipad_notability,讀書,
2026-06-27T14:06:30,end,ipad_notability,讀書,
2026-06-27T14:23:47,start,ipad_notability,讀書,
2026-06-27T14:54:35,end,ipad_notability,讀書,
2026-06-27T15:45:00,start,manual_add,女友,
2026-06-27T18:00:00,end,manual_add,女友,
2026-06-27T19:00:00,start,manual_add,運動,
2026-06-27T22:00:00,end,manual_add,運動,
2026-06-28T13:00:00,start,manual_add,運動,
2026-06-28T17:30:00,end,manual_add,運動,
2026-06-28T22:00:00,start,manual_add,睡眠,
2026-06-29T00:00:00,end,manual_add,睡眠,
2026-06-29T11:43:00,start,ipad_notability,讀書,
2026-06-29T11:59:50,end,ipad_notability,讀書,
2026-06-29T14:45:39,start,ipad_notability,讀書,
2026-06-29T15:11:05,end,ipad_notability,讀書,
2026-06-29T15:19:05,start,ipad_notability,讀書,
2026-06-29T17:35:41,end,ipad_notability,讀書,
2026-06-29T20:00:00,start,manual_add,睡眠,
2026-06-29T21:45:00,end,manual_add,睡眠,
2026-06-29T22:45:47,start,ipad_notability,讀書,
2026-06-29T23:42:21,end,ipad_notability,讀書,
2026-06-30T12:30:00,start,manual_add,實驗室,
2026-06-30T13:20:00,end,manual_add,實驗室,
2026-06-30T13:50:00,start,manual_add,實驗室,
2026-06-30T14:20:00,end,manual_add,實驗室,
2026-06-30T15:15:32,start,ipad_notability,讀書,
2026-06-30T17:08:00,end,ipad_notability,讀書,
2026-06-30T18:30:00,start,gcal,家教,
2026-06-30T20:30:00,end,gcal,家教,
2026-06-30T23:00:00,start,manual_add,睡眠,
2026-07-01T00:30:00,end,manual_add,睡眠,
2026-07-01T13:50:00,start,manual_add,實驗室,
2026-07-01T16:15:00,end,manual_add,實驗室,
2026-07-01T16:50:21,start,ipad_notability,讀書,
2026-07-01T17:33:11,end,ipad_notability,讀書,
2026-07-01T19:00:00,start,manual_add,運動,
2026-07-01T22:00:00,end,manual_add,運動,
2026-07-05T14:06:48,start,ipad_notability,讀書,
2026-07-05T15:10:46,end,ipad_notability,讀書,
2026-07-05T18:59:33,start,ipad_notability,讀書,
2026-07-05T19:58:17,end,ipad_notability,讀書,
2026-07-06T19:30:00,start,gcal,運動,NVA
2026-07-06T22:30:00,end,gcal,運動,NVA
2026-07-07T14:26:12,start,ipad_notability,讀書,
2026-07-07T15:27:02,end,ipad_notability,讀書,
2026-07-07T16:14:11,start,ipad_notability,讀書,
2026-07-07T17:28:43,end,ipad_notability,讀書,
2026-07-07T18:28:36,start,ipad_notability,讀書,
2026-07-07T19:33:34,end,ipad_notability,讀書,
2026-07-08T09:00:00,start,manual_add,通勤,
2026-07-08T10:00:00,end,manual_add,通勤,
2026-07-08T10:00:00,start,manual_add,家教,
2026-07-08T12:30:00,end,manual_add,家教,
2026-07-08T14:30:00,start,manual_add,實驗室,
2026-07-08T17:00:00,end,manual_add,實驗室,
2026-07-08T17:07:52,start,ipad_notability,讀書,
2026-07-08T17:41:00,start,manual_add,睡眠,
2026-07-08T17:41:46,end,ipad_notability,讀書,
2026-07-08T19:30:00,end,manual_add,睡眠,
2026-07-08T19:30:00,start,manual_add,實驗室,
2026-07-08T21:20:00,end,manual_add,實驗室,
2026-07-08T21:23:35,start,ipad_notability,讀書,
2026-07-08T22:54:06,end,ipad_notability,讀書,
2026-07-08T23:00:00,start,manual_add,實驗室,
2026-07-08T23:40:00,end,manual_add,實驗室,
2026-07-09T12:30:00,start,manual_add,用餐,
2026-07-09T13:00:00,end,manual_add,用餐,
2026-07-09T16:30:00,start,gcal,家教,
2026-07-09T18:30:00,end,gcal,家教,
2026-07-09T20:30:00,start,manual_add,讀書,
2026-07-09T21:00:00,end,manual_add,讀書,
2026-07-10T10:00:00,start,manual_add,家教,
2026-07-10T12:00:00,end,manual_add,家教,
2026-07-10T12:00:00,start,manual_add,通勤,
2026-07-10T13:30:00,end,manual_add,通勤,
2026-07-10T13:30:00,start,manual_add,實驗室,
2026-07-10T14:30:00,end,manual_add,實驗室,
2026-07-10T15:15:00,start,manual_add,睡眠,
2026-07-10T19:40:00,end,manual_add,睡眠,
2026-07-10T20:27:54,start,ipad_notability,讀書,
2026-07-10T22:00:23,end,ipad_notability,讀書,
2026-07-10T22:46:00,start,ipad_notability,讀書,
2026-07-10T23:29:56,end,ipad_notability,讀書,
2026-07-11T00:55:14,start,ipad_notability,讀書,
2026-07-11T01:20:00,start,manual_add,實驗室,
2026-07-11T01:45:37,end,ipad_notability,讀書,
2026-07-11T01:50:00,end,manual_add,實驗室,
2026-07-11T12:30:00,start,manual_add,讀書,
2026-07-11T13:01:00,end,manual_add,讀書,
2026-07-11T13:01:19,start,ipad_notability,讀書,
2026-07-11T13:20:00,start,manual_add,用餐,
2026-07-11T13:20:38,end,ipad_notability,讀書,
2026-07-11T14:14:00,end,manual_add,用餐,
2026-07-11T14:14:20,start,ipad_notability,讀書,
2026-07-11T15:09:00,start,manual_add,休閒,
2026-07-11T15:09:52,end,ipad_notability,讀書,
2026-07-11T16:13:00,end,manual_add,休閒,
2026-07-11T16:13:11,start,ipad_notability,讀書,
2026-07-11T17:34:00,start,manual_add,睡眠,
2026-07-11T17:34:25,end,ipad_notability,讀書,
2026-07-11T19:30:00,end,manual_add,睡眠,
2026-07-11T20:30:00,start,manual_add,實驗室,
2026-07-11T22:00:00,end,manual_add,實驗室,
2026-07-11T22:09:57,start,ipad_notability,讀書, 
2026-07-11T23:27:59,end,ipad_notability,讀書,
2026-07-12T21:00:00,start,manual_add,實驗室,
2026-07-12T22:30:00,end,manual_add,實驗室,
2026-07-12T22:30:00,start,manual_add,睡眠,
2026-07-13T00:00:00,end,manual_add,睡眠,
2026-07-13T17:08:44,start,ipad_notability,讀書, 
2026-07-13T18:39:29,end,ipad_notability,讀書,
2026-07-13T19:30:00,start,gcal,運動,NVA
2026-07-13T22:30:00,end,gcal,運動,NVA
2026-07-14T15:37:13,start,ipad_notability,讀書, 
2026-07-14T17:20:13,end,ipad_notability,讀書,
2026-07-14T18:30:00,start,manual_add,家教,
2026-07-14T22:30:00,end,manual_add,家教,
2026-07-15T11:00:00,start,manual_add,實驗室,
2026-07-15T12:00:00,end,manual_add,實驗室,
2026-07-15T13:30:00,start,manual_add,生活,看醫生
2026-07-15T15:30:00,end,manual_add,生活,看醫生
2026-07-15T16:08:54,start,ipad_notability,讀書, 
2026-07-15T16:45:00,start,manual_add,睡眠,
2026-07-15T16:47:26,end,ipad_notability,讀書,
2026-07-15T18:30:00,end,manual_add,睡眠,
2026-07-15T18:30:00,start,manual_add,家教,
2026-07-15T21:30:00,end,manual_add,家教,
2026-07-15T21:50:00,start,manual_add,實驗室,
2026-07-15T22:20:00,end,manual_add,實驗室,
2026-07-15T23:00:00,start,manual_add,實驗室,開會
2026-07-16T00:10:00,end,manual_add,實驗室,開會
2026-07-16T12:14:17,start,ipad_notability,讀書, 
2026-07-16T13:29:17,end,ipad_notability,讀書,
2026-07-16T13:51:14,start,ipad_notability,讀書, 
2026-07-16T15:26:07,end,ipad_notability,讀書,
2026-07-16T16:30:00,start,gcal,家教,
2026-07-16T18:30:00,end,gcal,家教,
2026-07-17T14:59:29,start,ipad_notability,讀書, 
2026-07-17T16:15:32,end,ipad_notability,讀書,
2026-07-17T16:28:10,start,ipad_notability,讀書, 
2026-07-17T17:39:02,end,ipad_notability,讀書,
2026-07-20T12:51:30,start,mac_tracker,實驗室,
2026-07-20T14:13:27,end,mac_tracker,實驗室,
2026-07-20T14:58:18,start,ipad_notability,讀書, 
2026-07-20T16:24:27,end,ipad_notability,讀書,
2026-07-20T16:45:39,start,ipad_notability,讀書, 
2026-07-20T19:30:00,start,gcal,運動,NVA
2026-07-20T22:30:00,end,gcal,運動,NVA
2026-07-21T15:21:47,start,ipad_notability,讀書, 
2026-07-21T16:32:00,end,ipad_notability,讀書,
2026-07-21T17:57:56,start,ipad_notability,讀書, 
2026-07-21T19:20:28,end,ipad_notability,讀書,
2026-07-22T13:51:15,start,ipad_notability,讀書, 
2026-07-22T15:19:28,end,ipad_notability,讀書,
2026-07-22T16:01:30,start,ipad_notability,讀書, 
2026-07-22T17:50:50,end,ipad_notability,讀書,
2026-07-23T13:39:46,start,ipad_notability,讀書, 
2026-07-23T14:59:20,end,ipad_notability,讀書,
2026-07-24T14:12:12,start,ipad_notability,讀書, 
2026-07-24T15:57:49,end,ipad_notability,讀書,
2026-07-24T17:34:22,start,ipad_notability,讀書, 
2026-07-24T17:46:30,end,ipad_notability,讀書,
2026-07-27T11:00:35,start,ipad_notability,讀書, 
2026-07-27T11:51:40,end,ipad_notability,讀書,
2026-07-27T14:48:51,start,ipad_notability,讀書, 
2026-07-27T16:51:32,start,ipad_notability,讀書, 
2026-07-27T18:16:16,end,ipad_notability,讀書,
2026-07-28T12:38:03,start,ipad_notability,讀書, 
2026-07-28T13:50:58,end,ipad_notability,讀書,
2026-07-28T15:12:14,start,ipad_notability,讀書, 
2026-07-28T16:28:24,end,ipad_notability,讀書,
2026-07-28T17:26:05,start,ipad_notability,讀書,
2026-07-28T18:26:05,end,ipad_notability,讀書, 
2026-07-28T23:33:54,start,ipad_notability,讀書, 
2026-07-29T00:21:00,end,ipad_notability,讀書,
2026-07-29T11:33:53,start,mac_tracker,實驗室,
2026-07-29T13:35:12,end,mac_tracker,實驗室,
2026-07-29T13:43:21,start,ipad_notability,讀書, 
2026-07-29T14:22:51,end,ipad_notability,讀書,
2026-07-29T15:23:13,start,ipad_notability,讀書, 
2026-07-29T16:07:47,end,ipad_notability,讀書,
2026-07-29T17:37:36,start,ipad_notability,讀書, 
2026-07-29T18:10:38,end,ipad_notability,讀書,
2026-07-29T19:00:00,start,gcal,家教,
2026-07-29T21:00:00,end,gcal,家教,
2026-07-30T13:34:03,start,ipad_notability,讀書, 
2026-07-30T13:43:20,end,ipad_notability,讀書,
2026-07-30T14:08:48,start,ipad_notability,讀書, 
2026-07-30T14:52:05,end,ipad_notability,讀書,
2026-07-30T16:04:47,start,ipad_notability,讀書, 
2026-07-30T17:18:27,end,ipad_notability,讀書,
2026-07-30T17:51:09,start,ipad_notability,讀書, 
2026-07-30T18:29:25,end,ipad_notability,讀書,
2026-07-31T15:20:42,start,ipad_notability,讀書, 
2026-07-31T16:09:44,end,ipad_notability,讀書,
2026-08-02T12:51:14,start,ipad_notability,讀書, 
2026-08-02T17:30:14,end,ipad_notability,讀書, 
2026-08-03T13:25:13,start,mac_tracker,實驗室,
2026-08-03T13:59:21,end,mac_tracker,實驗室,
2026-08-03T14:11:03,start,ipad_notability,讀書, 
2026-08-03T15:26:17,end,ipad_notability,讀書,
2026-08-03T16:09:25,start,ipad_notability,讀書, 
2026-08-03T16:33:39,end,ipad_notability,讀書,
2026-08-03T19:33:00,start,manual_add,運動,
2026-08-03T22:45:00,end,manual_add,運動,
2026-08-05T09:58:51,start,mac_tracker,實驗室,
2026-08-05T12:46:36,end,mac_tracker,實驗室,
2026-08-05T13:43:28,start,mac_tracker,實驗室,
2026-08-05T14:10:00,start,manual_add,睡眠,
2026-08-05T14:10:38,end,mac_tracker,實驗室,
2026-08-05T15:30:00,end,manual_add,睡眠,
2026-08-05T16:00:00,start,manual_add,實驗室,
2026-08-05T18:00:00,end,manual_add,實驗室,
2026-08-05T18:30:00,start,manual_add,通勤,
2026-08-05T19:00:00,end,manual_add,通勤,
2026-08-05T19:00:00,start,gcal,家教,
2026-08-05T21:00:00,end,gcal,家教,
2026-08-05T21:00:00,start,manual_add,通勤,
2026-08-05T22:00:00,end,manual_add,通勤,
2026-08-05T22:00:00,start,manual_add,實驗室,
2026-08-06T00:30:00,end,manual_add,實驗室,
2026-08-06T11:55:52,start,ipad_notability,讀書, 
2026-08-06T12:30:52,end,ipad_notability,讀書, 
2026-08-06T13:00:00,start,gcal,生活,牙醫
2026-08-06T13:45:00,start,gcal,生活,牙醫
2026-08-06T14:45:00,end,gcal,生活,牙醫
2026-08-06T15:00:00,start,telegram,用餐,
2026-08-06T15:30:00,end,telegram,用餐,
2026-08-06T15:50,start,ipad_notability,讀書, 
2026-08-06T16:23:29,start,ipad_notability,讀書, 
2026-08-06T16:50:29,end,ipad_notability,讀書, 
2026-08-06T17:00:00,start,telegram,睡眠,
2026-08-06T18:45:00,end,telegram,睡眠,
2026-08-06T19:50:00,start,manual_add,通勤,家教通勤
2026-08-06T20:30:00,end,manual_add,通勤,家教通勤
2026-08-06T20:30:00,start,gcal,家教,
2026-08-06T22:30:00,end,gcal,家教,
2026-08-06T22:30:00,start,manual_add,通勤,家教通勤
2026-08-06T23:10:00,end,manual_add,通勤,家教通勤
2026-08-07T10:50:17,start,ipad_notability,讀書, 
2026-08-07T11:42:49,end,ipad_notability,讀書,
2026-08-07T12:45:16,start,ipad_notability,讀書, 
2026-08-07T14:15:44,end,ipad_notability,讀書,
2026-08-07T16:54:13,start,ipad_notability,讀書, 
2026-08-07T17:46:31,end,ipad_notability,讀書,
2026-08-07T18:50:00,start,telegram,讀書,
2026-08-07T19:50:00,end,telegram,讀書,
2026-08-09T08:20:00,start,manual_add,通勤,家教通勤
2026-08-09T09:00:00,end,manual_add,通勤,家教通勤
2026-08-09T09:00:00,start,manual_add,家教,
2026-08-09T11:00:00,end,manual_add,家教,
2026-08-09T11:00:00,start,manual_add,通勤,家教通勤
2026-08-09T11:40:00,end,manual_add,通勤,家教通勤
2026-08-10T09:41:05,start,mac_tracker,實驗室,
2026-08-10T10:49:24,end,mac_tracker,實驗室,
2026-08-10T10:49:30,start,mac_tracker,讀書,
2026-08-10T11:55:22,end,mac_tracker,讀書,
2026-08-10T12:40:00,start,telegram,讀書,
2026-08-10T13:50:00,end,telegram,讀書,
2026-08-10T14:15:00,start,telegram,睡眠,
2026-08-10T15:25:00,end,telegram,睡眠,
2026-08-10T16:17:46,start,mac_tracker,實驗室,
2026-08-10T17:14:53,end,mac_tracker,實驗室,
2026-08-10T18:50:00,start,manual_add,通勤,
2026-08-10T19:30:00,end,manual_add,通勤,
2026-08-10T19:30:00,start,gcal,運動,NVA
2026-08-10T22:30:00,end,gcal,運動,NVA
2026-08-11T11:15:49,start,mac_tracker,實驗室,
2026-08-11T13:00:28,end,mac_tracker,實驗室,
2026-08-11T13:39:05,start,mac_tracker,實驗室,
2026-08-11T13:50:39,end,mac_tracker,實驗室,
2026-08-11T14:30:00,start,telegram,睡眠,
2026-08-11T15:15:00,end,telegram,睡眠,
2026-08-11T16:07:05,start,telegram,讀書,
2026-08-11T16:12:47,end,telegram,讀書,
2026-08-11T16:39:30,start,telegram,讀書,
2026-08-11T17:36:14,end,telegram,讀書,
2026-08-11T17:50:00,start,gcal,通勤,家教通勤
2026-08-11T18:30:00,end,gcal,通勤,家教通勤
2026-08-11T18:30:00,start,gcal,家教,
2026-08-11T20:30:00,end,gcal,家教,
2026-08-11T20:30:00,start,gcal,通勤,家教通勤
2026-08-11T21:10:00,end,gcal,通勤,家教通勤
2026-08-11T21:10:00,start,manual_add,生活,洗頭
2026-08-11T22:40:00,end,manual_add,生活,洗頭
2026-08-12T12:27:58,start,mac_tracker,實驗室,
2026-08-12T13:58:43,end,mac_tracker,實驗室,
2026-08-12T14:27:04,start,mac_tracker,讀書,
2026-08-12T15:30:10,end,mac_tracker,讀書,
2026-08-12T16:02:22,start,mac_tracker,實驗室,
2026-08-12T17:30:32,end,mac_tracker,實驗室,
2026-08-12T18:20:00,start,gcal,通勤,家教通勤
2026-08-12T19:00:00,end,gcal,通勤,家教通勤
2026-08-12T19:00:00,start,gcal,家教,
2026-08-12T21:00:00,end,gcal,家教,
2026-08-12T21:00:00,start,gcal,通勤,家教通勤
2026-08-12T21:40:00,end,gcal,通勤,家教通勤
2026-08-12T22:00:00,start,manual_add,實驗室,
2026-08-12T23:00:00,end,manual_add,實驗室,
2026-08-12T23:00:00,start,gcal,實驗室,研究室開會
2026-08-13T00:00:00,end,gcal,實驗室,研究室開會
2026-08-13T09:45:00,start,telegram,實驗室,
2026-08-13T10:30:00,end,telegram,實驗室,
2026-08-13T11:42:42,start,telegram,讀書,
2026-08-13T12:05:03,end,telegram,讀書,
2026-08-13T12:16:36,start,telegram,讀書,
2026-08-13T13:58:39,end,telegram,讀書,
2026-08-13T14:34:58,start,telegram,讀書,
2026-08-13T15:01:56,end,telegram,讀書,
2026-08-13T15:02:43,start,mac_tracker,實驗室,
2026-08-13T16:38:52,end,mac_tracker,實驗室,
2026-08-13T16:40:00,start,telegram,睡眠,
2026-08-13T17:40:00,end,telegram,睡眠,
2026-08-13T19:50:00,start,gcal,通勤,家教通勤
2026-08-13T20:30:00,end,gcal,通勤,家教通勤
2026-08-13T20:30:00,start,gcal,家教,
2026-08-13T22:30:00,end,gcal,家教,
2026-08-13T22:30:00,start,gcal,通勤,家教通勤
2026-08-13T23:10:00,end,gcal,通勤,家教通勤
2026-08-14T09:57:50,start,mac_tracker,實驗室,
2026-08-14T11:33:43,end,mac_tracker,實驗室,
